date,realtime_end,realtime_start,value
1995-01-01,2026-08-03,2026-08-03,84.4175
1995-02-01,2026-08-03,2026-08-03,83.9078
1995-03-01,2026-08-03,2026-08-03,83.8217
1995-04-01,2026-08-03,2026-08-03,83.2082
1995-05-01,2026-08-03,2026-08-03,83.1916
1995-06-01,2026-08-03,2026-08-03,83.2331
1995-07-01,2026-08-03,2026-08-03,82.3071
1995-08-01,2026-08-03,2026-08-03,82.8963
1995-09-01,2026-08-03,2026-08-03,83.25
1995-10-01,2026-08-03,2026-08-03,82.7324
1995-11-01,2026-08-03,2026-08-03,82.4035
1995-12-01,2026-08-03,2026-08-03,82.2529
1996-01-01,2026-08-03,2026-08-03,81.2592
1996-02-01,2026-08-03,2026-08-03,82.0152
1996-03-01,2026-08-03,2026-08-03,81.4024
1996-04-01,2026-08-03,2026-08-03,81.9406
1996-05-01,2026-08-03,2026-08-03,82.1342
1996-06-01,2026-08-03,2026-08-03,82.4584
1996-07-01,2026-08-03,2026-08-03,82.38
1996-08-01,2026-08-03,2026-08-03,82.3084
1996-09-01,2026-08-03,2026-08-03,82.4969
1996-10-01,2026-08-03,2026-08-03,82.0128
1996-11-01,2026-08-03,2026-08-03,82.3142
1996-12-01,2026-08-03,2026-08-03,82.5699
1997-01-01,2026-08-03,2026-08-03,82.2119
1997-02-01,2026-08-03,2026-08-03,82.8966
1997-03-01,2026-08-03,2026-08-03,83.2201
1997-04-01,2026-08-03,2026-08-03,82.7028
1997-05-01,2026-08-03,2026-08-03,82.788
1997-06-01,2026-08-03,2026-08-03,82.7944
1997-07-01,2026-08-03,2026-08-03,82.902
1997-08-01,2026-08-03,2026-08-03,83.3485
1997-09-01,2026-08-03,2026-08-03,83.5136
1997-10-01,2026-08-03,2026-08-03,83.6688
1997-11-01,2026-08-03,2026-08-03,83.8583
1997-12-01,2026-08-03,2026-08-03,83.6515
1998-01-01,2026-08-03,2026-08-03,83.6492
1998-02-01,2026-08-03,2026-08-03,83.1551
1998-03-01,2026-08-03,2026-08-03,82.3971
1998-04-01,2026-08-03,2026-08-03,82.1691
1998-05-01,2026-08-03,2026-08-03,82.0271
1998-06-01,2026-08-03,2026-08-03,80.8666
1998-07-01,2026-08-03,2026-08-03,80.0244
1998-08-01,2026-08-03,2026-08-03,81.4968
1998-09-01,2026-08-03,2026-08-03,80.9731
1998-10-01,2026-08-03,2026-08-03,81.2168
1998-11-01,2026-08-03,2026-08-03,80.9192
1998-12-01,2026-08-03,2026-08-03,81.0067
1999-01-01,2026-08-03,2026-08-03,80.8313
1999-02-01,2026-08-03,2026-08-03,81.1755
1999-03-01,2026-08-03,2026-08-03,80.8083
1999-04-01,2026-08-03,2026-08-03,80.7354
1999-05-01,2026-08-03,2026-08-03,81.0344
1999-06-01,2026-08-03,2026-08-03,80.4957
1999-07-01,2026-08-03,2026-08-03,80.4847
1999-08-01,2026-08-03,2026-08-03,80.634
1999-09-01,2026-08-03,2026-08-03,79.9785
1999-10-01,2026-08-03,2026-08-03,80.7666
1999-11-01,2026-08-03,2026-08-03,80.9602
1999-12-01,2026-08-03,2026-08-03,81.1849
2000-01-01,2026-08-03,2026-08-03,80.8292
2000-02-01,2026-08-03,2026-08-03,80.6792
2000-03-01,2026-08-03,2026-08-03,80.8587
2000-04-01,2026-08-03,2026-08-03,81.0265
2000-05-01,2026-08-03,2026-08-03,80.701
2000-06-01,2026-08-03,2026-08-03,80.5159
2000-07-01,2026-08-03,2026-08-03,80.2704
2000-08-01,2026-08-03,2026-08-03,79.4606
2000-09-01,2026-08-03,2026-08-03,79.5715
2000-10-01,2026-08-03,2026-08-03,78.9447
2000-11-01,2026-08-03,2026-08-03,78.447
2000-12-01,2026-08-03,2026-08-03,77.6908
2001-01-01,2026-08-03,2026-08-03,77.1264
2001-02-01,2026-08-03,2026-08-03,76.3313
2001-03-01,2026-08-03,2026-08-03,75.9107
2001-04-01,2026-08-03,2026-08-03,75.3521
2001-05-01,2026-08-03,2026-08-03,74.7304
2001-06-01,2026-08-03,2026-08-03,74.097
2001-07-01,2026-08-03,2026-08-03,73.5073
2001-08-01,2026-08-03,2026-08-03,73.0372
2001-09-01,2026-08-03,2026-08-03,72.5829
2001-10-01,2026-08-03,2026-08-03,72.1596
2001-11-01,2026-08-03,2026-08-03,71.7544
2001-12-01,2026-08-03,2026-08-03,71.7863
2002-01-01,2026-08-03,2026-08-03,72.1618
2002-02-01,2026-08-03,2026-08-03,72.088
2002-03-01,2026-08-03,2026-08-03,72.5091
2002-04-01,2026-08-03,2026-08-03,72.6845
2002-05-01,2026-08-03,2026-08-03,73.0064
2002-06-01,2026-08-03,2026-08-03,73.7004
2002-07-01,2026-08-03,2026-08-03,73.6162
2002-08-01,2026-08-03,2026-08-03,73.6831
2002-09-01,2026-08-03,2026-08-03,73.7166
2002-10-01,2026-08-03,2026-08-03,73.5323
2002-11-01,2026-08-03,2026-08-03,73.9162
2002-12-01,2026-08-03,2026-08-03,73.4884
2003-01-01,2026-08-03,2026-08-03,74.1095
2003-02-01,2026-08-03,2026-08-03,74.0295
2003-03-01,2026-08-03,2026-08-03,74.1193
2003-04-01,2026-08-03,2026-08-03,73.6009
2003-05-01,2026-08-03,2026-08-03,73.6471
2003-06-01,2026-08-03,2026-08-03,73.9947
2003-07-01,2026-08-03,2026-08-03,74.2472
2003-08-01,2026-08-03,2026-08-03,73.9161
2003-09-01,2026-08-03,2026-08-03,74.5478
2003-10-01,2026-08-03,2026-08-03,74.647
2003-11-01,2026-08-03,2026-08-03,75.3087
2003-12-01,2026-08-03,2026-08-03,75.2623
2004-01-01,2026-08-03,2026-08-03,75.2136
2004-02-01,2026-08-03,2026-08-03,75.8069
2004-03-01,2026-08-03,2026-08-03,75.8094
2004-04-01,2026-08-03,2026-08-03,76.0725
2004-05-01,2026-08-03,2026-08-03,76.628
2004-06-01,2026-08-03,2026-08-03,76.1259
2004-07-01,2026-08-03,2026-08-03,76.8104
2004-08-01,2026-08-03,2026-08-03,77.1402
2004-09-01,2026-08-03,2026-08-03,77.1344
2004-10-01,2026-08-03,2026-08-03,77.7669
2004-11-01,2026-08-03,2026-08-03,77.7031
2004-12-01,2026-08-03,2026-08-03,78.2322
2005-01-01,2026-08-03,2026-08-03,78.6268
2005-02-01,2026-08-03,2026-08-03,79.1803
2005-03-01,2026-08-03,2026-08-03,78.6751
2005-04-01,2026-08-03,2026-08-03,78.8731
2005-05-01,2026-08-03,2026-08-03,78.9331
2005-06-01,2026-08-03,2026-08-03,78.9349
2005-07-01,2026-08-03,2026-08-03,78.4897
2005-08-01,2026-08-03,2026-08-03,78.7308
2005-09-01,2026-08-03,2026-08-03,77.6962
2005-10-01,2026-08-03,2026-08-03,78.6389
2005-11-01,2026-08-03,2026-08-03,79.1894
2005-12-01,2026-08-03,2026-08-03,79.1365
2006-01-01,2026-08-03,2026-08-03,79.5941
2006-02-01,2026-08-03,2026-08-03,79.2317
2006-03-01,2026-08-03,2026-08-03,79.0731
2006-04-01,2026-08-03,2026-08-03,79.2153
2006-05-01,2026-08-03,2026-08-03,78.8787
2006-06-01,2026-08-03,2026-08-03,78.9462
2006-07-01,2026-08-03,2026-08-03,78.5463
2006-08-01,2026-08-03,2026-08-03,78.9594
2006-09-01,2026-08-03,2026-08-03,78.8808
2006-10-01,2026-08-03,2026-08-03,78.3488
2006-11-01,2026-08-03,2026-08-03,78.2681
2006-12-01,2026-08-03,2026-08-03,79.227
2007-01-01,2026-08-03,2026-08-03,78.781
2007-02-01,2026-08-03,2026-08-03,78.8347
2007-03-01,2026-08-03,2026-08-03,79.285
2007-04-01,2026-08-03,2026-08-03,79.5845
2007-05-01,2026-08-03,2026-08-03,79.3763
2007-06-01,2026-08-03,2026-08-03,79.4851
2007-07-01,2026-08-03,2026-08-03,79.2955
2007-08-01,2026-08-03,2026-08-03,78.8946
2007-09-01,2026-08-03,2026-08-03,78.9517
2007-10-01,2026-08-03,2026-08-03,78.7002
2007-11-01,2026-08-03,2026-08-03,78.9719
2007-12-01,2026-08-03,2026-08-03,78.9954
2008-01-01,2026-08-03,2026-08-03,78.7582
2008-02-01,2026-08-03,2026-08-03,78.161
2008-03-01,2026-08-03,2026-08-03,77.8244
2008-04-01,2026-08-03,2026-08-03,77.0718
2008-05-01,2026-08-03,2026-08-03,76.6191
2008-06-01,2026-08-03,2026-08-03,76.1328
2008-07-01,2026-08-03,2026-08-03,75.4485
2008-08-01,2026-08-03,2026-08-03,74.544
2008-09-01,2026-08-03,2026-08-03,72.0301
2008-10-01,2026-08-03,2026-08-03,71.6296
2008-11-01,2026-08-03,2026-08-03,69.9172
2008-12-01,2026-08-03,2026-08-03,67.6607
2009-01-01,2026-08-03,2026-08-03,65.5546
2009-02-01,2026-08-03,2026-08-03,65.5782
2009-03-01,2026-08-03,2026-08-03,64.4771
2009-04-01,2026-08-03,2026-08-03,64.107
2009-05-01,2026-08-03,2026-08-03,63.5243
2009-06-01,2026-08-03,2026-08-03,63.4322
2009-07-01,2026-08-03,2026-08-03,64.4955
2009-08-01,2026-08-03,2026-08-03,65.3114
2009-09-01,2026-08-03,2026-08-03,66.102
2009-10-01,2026-08-03,2026-08-03,66.2859
2009-11-01,2026-08-03,2026-08-03,67.0806
2009-12-01,2026-08-03,2026-08-03,67.1474
2010-01-01,2026-08-03,2026-08-03,67.941
2010-02-01,2026-08-03,2026-08-03,68.0202
2010-03-01,2026-08-03,2026-08-03,68.9678
2010-04-01,2026-08-03,2026-08-03,69.624
2010-05-01,2026-08-03,2026-08-03,70.611
2010-06-01,2026-08-03,2026-08-03,70.682
2010-07-01,2026-08-03,2026-08-03,71.1601
2010-08-01,2026-08-03,2026-08-03,71.3642
2010-09-01,2026-08-03,2026-08-03,71.5357
2010-10-01,2026-08-03,2026-08-03,71.6761
2010-11-01,2026-08-03,2026-08-03,71.8748
2010-12-01,2026-08-03,2026-08-03,72.3185
2011-01-01,2026-08-03,2026-08-03,72.4358
2011-02-01,2026-08-03,2026-08-03,72.6355
2011-03-01,2026-08-03,2026-08-03,73.1469
2011-04-01,2026-08-03,2026-08-03,72.8001
2011-05-01,2026-08-03,2026-08-03,72.8134
2011-06-01,2026-08-03,2026-08-03,72.9204
2011-07-01,2026-08-03,2026-08-03,73.3492
2011-08-01,2026-08-03,2026-08-03,73.6851
2011-09-01,2026-08-03,2026-08-03,73.8276
2011-10-01,2026-08-03,2026-08-03,74.1656
2011-11-01,2026-08-03,2026-08-03,73.9533
2011-12-01,2026-08-03,2026-08-03,74.3759
2012-01-01,2026-08-03,2026-08-03,74.9205
2012-02-01,2026-08-03,2026-08-03,75.1535
2012-03-01,2026-08-03,2026-08-03,74.669
2012-04-01,2026-08-03,2026-08-03,74.9465
2012-05-01,2026-08-03,2026-08-03,74.6333
2012-06-01,2026-08-03,2026-08-03,74.7583
2012-07-01,2026-08-03,2026-08-03,74.5256
2012-08-01,2026-08-03,2026-08-03,74.345
2012-09-01,2026-08-03,2026-08-03,74.1108
2012-10-01,2026-08-03,2026-08-03,73.9373
2012-11-01,2026-08-03,2026-08-03,74.3212
2012-12-01,2026-08-03,2026-08-03,74.7755
2013-01-01,2026-08-03,2026-08-03,74.589
2013-02-01,2026-08-03,2026-08-03,74.8632
2013-03-01,2026-08-03,2026-08-03,74.7698
2013-04-01,2026-08-03,2026-08-03,74.5484
2013-05-01,2026-08-03,2026-08-03,74.7765
2013-06-01,2026-08-03,2026-08-03,74.9749
2013-07-01,2026-08-03,2026-08-03,74.4051
2013-08-01,2026-08-03,2026-08-03,75.0642
2013-09-01,2026-08-03,2026-08-03,75.1341
2013-10-01,2026-08-03,2026-08-03,75.3083
2013-11-01,2026-08-03,2026-08-03,75.3105
2013-12-01,2026-08-03,2026-08-03,75.2138
2014-01-01,2026-08-03,2026-08-03,74.4928
2014-02-01,2026-08-03,2026-08-03,75.2268
2014-03-01,2026-08-03,2026-08-03,75.9245
2014-04-01,2026-08-03,2026-08-03,75.984
2014-05-01,2026-08-03,2026-08-03,76.2447
2014-06-01,2026-08-03,2026-08-03,76.5649
2014-07-01,2026-08-03,2026-08-03,76.9794
2014-08-01,2026-08-03,2026-08-03,76.5958
2014-09-01,2026-08-03,2026-08-03,76.6653
2014-10-01,2026-08-03,2026-08-03,76.6657
2014-11-01,2026-08-03,2026-08-03,77.2751
2014-12-01,2026-08-03,2026-08-03,77.2028
2015-01-01,2026-08-03,2026-08-03,76.8495
2015-02-01,2026-08-03,2026-08-03,76.373
2015-03-01,2026-08-03,2026-08-03,76.7408
2015-04-01,2026-08-03,2026-08-03,76.8166
2015-05-01,2026-08-03,2026-08-03,76.921
2015-06-01,2026-08-03,2026-08-03,76.6945
2015-07-01,2026-08-03,2026-08-03,77.3337
2015-08-01,2026-08-03,2026-08-03,77.1158
2015-09-01,2026-08-03,2026-08-03,76.926
2015-10-01,2026-08-03,2026-08-03,76.827
2015-11-01,2026-08-03,2026-08-03,76.6246
2015-12-01,2026-08-03,2026-08-03,76.4118
2016-01-01,2026-08-03,2026-08-03,76.6964
2016-02-01,2026-08-03,2026-08-03,76.4063
2016-03-01,2026-08-03,2026-08-03,76.3208
2016-04-01,2026-08-03,2026-08-03,76.2043
2016-05-01,2026-08-03,2026-08-03,76.1095
2016-06-01,2026-08-03,2026-08-03,76.2442
2016-07-01,2026-08-03,2026-08-03,76.2506
2016-08-01,2026-08-03,2026-08-03,75.904
2016-09-01,2026-08-03,2026-08-03,76.0291
2016-10-01,2026-08-03,2026-08-03,76.0921
2016-11-01,2026-08-03,2026-08-03,76.0292
2016-12-01,2026-08-03,2026-08-03,76.0673
2017-01-01,2026-08-03,2026-08-03,76.2213
2017-02-01,2026-08-03,2026-08-03,76.1845
2017-03-01,2026-08-03,2026-08-03,75.9999
2017-04-01,2026-08-03,2026-08-03,76.9785
2017-05-01,2026-08-03,2026-08-03,76.962
2017-06-01,2026-08-03,2026-08-03,77.119
2017-07-01,2026-08-03,2026-08-03,76.9178
2017-08-01,2026-08-03,2026-08-03,76.8894
2017-09-01,2026-08-03,2026-08-03,77.0102
2017-10-01,2026-08-03,2026-08-03,77.9179
2017-11-01,2026-08-03,2026-08-03,78.0466
2017-12-01,2026-08-03,2026-08-03,77.9264
2018-01-01,2026-08-03,2026-08-03,77.7567
2018-02-01,2026-08-03,2026-08-03,78.4742
2018-03-01,2026-08-03,2026-08-03,78.4626
2018-04-01,2026-08-03,2026-08-03,79.0447
2018-05-01,2026-08-03,2026-08-03,78.4247
2018-06-01,2026-08-03,2026-08-03,78.9473
2018-07-01,2026-08-03,2026-08-03,79.0213
2018-08-01,2026-08-03,2026-08-03,79.2129
2018-09-01,2026-08-03,2026-08-03,79.2511
2018-10-01,2026-08-03,2026-08-03,78.9436
2018-11-01,2026-08-03,2026-08-03,78.747
2018-12-01,2026-08-03,2026-08-03,79.0103
2019-01-01,2026-08-03,2026-08-03,78.3218
2019-02-01,2026-08-03,2026-08-03,77.8923
2019-03-01,2026-08-03,2026-08-03,77.7067
2019-04-01,2026-08-03,2026-08-03,77.2434
2019-05-01,2026-08-03,2026-08-03,77.2603
2019-06-01,2026-08-03,2026-08-03,77.6047
2019-07-01,2026-08-03,2026-08-03,77.0847
2019-08-01,2026-08-03,2026-08-03,77.6077
2019-09-01,2026-08-03,2026-08-03,77.028
2019-10-01,2026-08-03,2026-08-03,76.426
2019-11-01,2026-08-03,2026-08-03,77.0781
2019-12-01,2026-08-03,2026-08-03,77.2042
2020-01-01,2026-08-03,2026-08-03,77.0311
2020-02-01,2026-08-03,2026-08-03,77.2279
2020-03-01,2026-08-03,2026-08-03,73.7382
2020-04-01,2026-08-03,2026-08-03,62.5589
2020-05-01,2026-08-03,2026-08-03,65.3028
2020-06-01,2026-08-03,2026-08-03,70.4285
2020-07-01,2026-08-03,2026-08-03,73.0801
2020-08-01,2026-08-03,2026-08-03,74.3046
2020-09-01,2026-08-03,2026-08-03,74.4348
2020-10-01,2026-08-03,2026-08-03,75.295
2020-11-01,2026-08-03,2026-08-03,75.7534
2020-12-01,2026-08-03,2026-08-03,76.3888
2021-01-01,2026-08-03,2026-08-03,77.1897
2021-02-01,2026-08-03,2026-08-03,74.1452
2021-03-01,2026-08-03,2026-08-03,76.4953
2021-04-01,2026-08-03,2026-08-03,76.6806
2021-05-01,2026-08-03,2026-08-03,77.5331
2021-06-01,2026-08-03,2026-08-03,77.5677
2021-07-01,2026-08-03,2026-08-03,78.295
2021-08-01,2026-08-03,2026-08-03,77.9251
2021-09-01,2026-08-03,2026-08-03,77.0224
2021-10-01,2026-08-03,2026-08-03,78.1049
2021-11-01,2026-08-03,2026-08-03,78.5506
2021-12-01,2026-08-03,2026-08-03,78.4351
2022-01-01,2026-08-03,2026-08-03,77.7378
2022-02-01,2026-08-03,2026-08-03,78.1748
2022-03-01,2026-08-03,2026-08-03,78.5575
2022-04-01,2026-08-03,2026-08-03,78.4892
2022-05-01,2026-08-03,2026-08-03,78.1251
2022-06-01,2026-08-03,2026-08-03,77.6834
2022-07-01,2026-08-03,2026-08-03,77.7019
2022-08-01,2026-08-03,2026-08-03,77.654
2022-09-01,2026-08-03,2026-08-03,77.6645
2022-10-01,2026-08-03,2026-08-03,77.8544
2022-11-01,2026-08-03,2026-08-03,77.2186
2022-12-01,2026-08-03,2026-08-03,75.8688
2023-01-01,2026-08-03,2026-08-03,77.1602
2023-02-01,2026-08-03,2026-08-03,77.1498
2023-03-01,2026-08-03,2026-08-03,76.6104
2023-04-01,2026-08-03,2026-08-03,77.2433
2023-05-01,2026-08-03,2026-08-03,77.0575
2023-06-01,2026-08-03,2026-08-03,76.4881
2023-07-01,2026-08-03,2026-08-03,76.7273
2023-08-01,2026-08-03,2026-08-03,76.6542
2023-09-01,2026-08-03,2026-08-03,76.672
2023-10-01,2026-08-03,2026-08-03,76.2599
2023-11-01,2026-08-03,2026-08-03,76.5305
2023-12-01,2026-08-03,2026-08-03,76.4545
2024-01-01,2026-08-03,2026-08-03,75.2859
2024-02-01,2026-08-03,2026-08-03,76.2145
2024-03-01,2026-08-03,2026-08-03,76.2676
2024-04-01,2026-08-03,2026-08-03,75.805
2024-05-01,2026-08-03,2026-08-03,76.1923
2024-06-01,2026-08-03,2026-08-03,76.006
2024-07-01,2026-08-03,2026-08-03,75.3409
2024-08-01,2026-08-03,2026-08-03,75.6471
2024-09-01,2026-08-03,2026-08-03,75.1957
2024-10-01,2026-08-03,2026-08-03,74.6339
2024-11-01,2026-08-03,2026-08-03,74.7343
2024-12-01,2026-08-03,2026-08-03,74.9627
2025-01-01,2026-08-03,2026-08-03,74.6327
2025-02-01,2026-08-03,2026-08-03,75.523
2025-03-01,2026-08-03,2026-08-03,75.785
2025-04-01,2026-08-03,2026-08-03,75.6285
2025-05-01,2026-08-03,2026-08-03,75.468
2025-06-01,2026-08-03,2026-08-03,75.6385
2025-07-01,2026-08-03,2026-08-03,75.9194
2025-08-01,2026-08-03,2026-08-03,75.8608
2025-09-01,2026-08-03,2026-08-03,75.798
2025-10-01,2026-08-03,2026-08-03,75.1411
2025-11-01,2026-08-03,2026-08-03,74.9686
2025-12-01,2026-08-03,2026-08-03,74.7232
2026-01-01,2026-08-03,2026-08-03,74.6786
2026-02-01,2026-08-03,2026-08-03,75.1507
2026-03-01,2026-08-03,2026-08-03,75.2408
2026-04-01,2026-08-03,2026-08-03,75.7148
2026-05-01,2026-08-03,2026-08-03,75.756
2026-06-01,2026-08-03,2026-08-03,75.6782
